{
  "data_path": "final_data\\final_data.csv",
  "selection_metric": "best_avg_realized_pnl",
  "pnl_method": "enter current ask, exit future bid at forecast horizon",
  "min_coverage": 0.01,
  "best": {
    "horizon_seconds": 300,
    "experiment": "ridge_delta_kalshi_cross_coin_alpha_1000",
    "feature_group": "kalshi_cross_coin",
    "target_mode": "delta",
    "alpha": 1000.0,
    "n_test_rows": 117562,
    "n_features": 43,
    "elapsed_seconds": 0.513,
    "rmse": 0.27555169159371223,
    "mae": 0.21628371627499174,
    "r2": 0.4580799688977404,
    "baseline_mean_rmse": 0.3743134902516241,
    "rmse_vs_baseline_improvement": 0.26384782069040946,
    "directional_accuracy": 0.5410699799325391,
    "pred_actual_delta_corr": 0.15815456405687683,
    "best_threshold_by_realized_pnl": 0.1,
    "best_coverage_by_realized_pnl": 0.012342423572242732,
    "best_hit_rate_by_realized_pnl": 0.6023432115782219,
    "best_avg_realized_pnl": 0.1814631288766368,
    "best_total_realized_pnl": 263.303,
    "best_yes_trade_count": 401,
    "best_no_trade_count": 1050,
    "coverage_thr_0p0": 1.0,
    "avg_realized_pnl_thr_0p0": 0.023422738640036744,
    "total_realized_pnl_thr_0p0": 2753.624,
    "coverage_thr_0p0025": 0.9218625065922662,
    "avg_realized_pnl_thr_0p0025": 0.025994657488742898,
    "total_realized_pnl_thr_0p0025": 2817.197,
    "coverage_thr_0p005": 0.8444990728296559,
    "avg_realized_pnl_thr_0p005": 0.028441343258025196,
    "total_realized_pnl_thr_0p005": 2823.6849999999995,
    "coverage_thr_0p01": 0.6944505877749613,
    "avg_realized_pnl_thr_0p01": 0.03272741637167599,
    "total_realized_pnl_thr_0p01": 2671.8989999999994,
    "coverage_thr_0p02": 0.45029856586311906,
    "avg_realized_pnl_thr_0p02": 0.0447895273716423,
    "total_realized_pnl_thr_0p02": 2371.068,
    "coverage_thr_0p05": 0.09799084738265766,
    "avg_realized_pnl_thr_0p05": 0.06638784722222221,
    "total_realized_pnl_thr_0p05": 764.7879999999999,
    "coverage_thr_0p075": 0.029975672411153263,
    "avg_realized_pnl_thr_0p075": 0.12005476730987515,
    "total_realized_pnl_thr_0p075": 423.07300000000004,
    "coverage_thr_0p1": 0.012342423572242732,
    "avg_realized_pnl_thr_0p1": 0.1814631288766368,
    "total_realized_pnl_thr_0p1": 263.303,
    "coverage_thr_0p15": 0.0024582773345128528,
    "avg_realized_pnl_thr_0p15": 0.2451903114186851,
    "total_realized_pnl_thr_0p15": 70.86,
    "coverage_thr_0p2": 0.00019564144876745888,
    "avg_realized_pnl_thr_0p2": 0.34708695652173915,
    "total_realized_pnl_thr_0p2": 7.9830000000000005
  },
  "feature_cols": [
    "time_to_close",
    "last_price_dollars",
    "yes_mid_dollars",
    "yes_spread_dollars",
    "distance_from_strike",
    "yes_mid_change_1s",
    "yes_mid_change_5s",
    "yes_mid_change_std_30s",
    "yes_mid_change_std_60s",
    "yes_spread_mean_30s",
    "ETH_last_price_dollars",
    "ETH_yes_mid_dollars",
    "ETH_yes_spread_dollars",
    "ETH_distance_from_strike",
    "ETH_yes_mid_change_1s",
    "ETH_yes_mid_change_5s",
    "ETH_yes_mid_change_std_30s",
    "ETH_yes_mid_change_std_60s",
    "ETH_yes_spread_mean_30s",
    "XRP_last_price_dollars",
    "XRP_yes_mid_dollars",
    "XRP_yes_spread_dollars",
    "XRP_distance_from_strike",
    "XRP_yes_mid_change_1s",
    "XRP_yes_mid_change_5s",
    "XRP_yes_mid_change_std_30s",
    "XRP_yes_mid_change_std_60s",
    "XRP_yes_spread_mean_30s",
    "SOL_last_price_dollars",
    "SOL_yes_mid_dollars",
    "SOL_yes_spread_dollars",
    "SOL_distance_from_strike",
    "SOL_yes_mid_change_1s",
    "SOL_yes_mid_change_5s",
    "SOL_yes_mid_change_std_30s",
    "SOL_yes_mid_change_std_60s",
    "SOL_yes_spread_mean_30s",
    "yes_mid_lag_1s",
    "yes_mid_lag_5s",
    "yes_mid_lag_15s",
    "yes_mid_lag_60s",
    "yes_mid_mean_prev_15s",
    "yes_mid_mean_prev_60s"
  ],
  "target_col": "yes_mid_dollars_t_plus_300s"
}