{
  "data_path": "final_data\\final_data.csv",
  "stage": "coarse",
  "selection_metric": "best_avg_realized_pnl",
  "pnl_method": "enter current ask, exit future bid at forecast horizon",
  "best": {
    "horizon_seconds": 60,
    "experiment": "hist_gbr_delta_all",
    "family": "hist_gbr",
    "target_mode": "delta",
    "feature_group": "all",
    "params_json": "{\"l2_regularization\": 0.1, \"learning_rate\": 0.05, \"max_iter\": 160, \"max_leaf_nodes\": 31}",
    "n_features": 56,
    "n_train_rows": 690027,
    "n_fit_rows": 300000,
    "n_test_rows": 173109,
    "elapsed_seconds": 4.839,
    "rmse": 0.11165452969177614,
    "mae": 0.07116228399448454,
    "r2": 0.8887040220524216,
    "baseline_mean_rmse": 0.3346852798500043,
    "rmse_vs_baseline_improvement": 0.6663894816592583,
    "directional_accuracy": 0.6868026140987377,
    "pred_actual_delta_corr": 0.5323822903974019,
    "best_threshold_by_realized_pnl": 0.2,
    "best_coverage_by_realized_pnl": 0.019964299949742647,
    "best_hit_rate_by_realized_pnl": 0.9027777777777778,
    "best_avg_realized_pnl": 0.27978616898148145,
    "best_total_realized_pnl": 966.9409999999999,
    "best_yes_trade_count": 1598,
    "best_no_trade_count": 1858,
    "coverage_thr_0p0": 1.0,
    "avg_realized_pnl_thr_0p0": 0.031326072012431476,
    "total_realized_pnl_thr_0p0": 5422.825,
    "coverage_thr_0p0025": 0.9288714047218805,
    "avg_realized_pnl_thr_0p0025": 0.034171384860319905,
    "total_realized_pnl_thr_0p0025": 5494.621999999999,
    "coverage_thr_0p005": 0.8616247566562109,
    "avg_realized_pnl_thr_0p005": 0.037337058764372634,
    "total_realized_pnl_thr_0p005": 5569.009,
    "coverage_thr_0p01": 0.7549751890427419,
    "avg_realized_pnl_thr_0p01": 0.04318694956883688,
    "total_realized_pnl_thr_0p01": 5644.231999999999,
    "coverage_thr_0p02": 0.5784274647765281,
    "avg_realized_pnl_thr_0p02": 0.05557456731681496,
    "total_realized_pnl_thr_0p02": 5564.736999999999,
    "coverage_thr_0p05": 0.29430012304386255,
    "avg_realized_pnl_thr_0p05": 0.09206913202214109,
    "total_realized_pnl_thr_0p05": 4690.554,
    "coverage_thr_0p075": 0.169297956778677,
    "avg_realized_pnl_thr_0p075": 0.12372364964001772,
    "total_realized_pnl_thr_0p075": 3625.9689999999996,
    "coverage_thr_0p1": 0.102917814787215,
    "avg_realized_pnl_thr_0p1": 0.1565072968118545,
    "total_realized_pnl_thr_0p1": 2788.334,
    "coverage_thr_0p15": 0.043036468352309815,
    "avg_realized_pnl_thr_0p15": 0.22138805369127515,
    "total_realized_pnl_thr_0p15": 1649.341,
    "coverage_thr_0p2": 0.019964299949742647,
    "avg_realized_pnl_thr_0p2": 0.27978616898148145,
    "total_realized_pnl_thr_0p2": 966.9409999999999
  },
  "feature_cols": [
    "time_to_close",
    "last_price_dollars",
    "yes_mid_dollars",
    "yes_spread_dollars",
    "distance_from_strike",
    "yes_mid_change_1s",
    "yes_mid_change_5s",
    "yes_mid_change_std_30s",
    "yes_mid_change_std_60s",
    "yes_spread_mean_30s",
    "ETH_last_price_dollars",
    "ETH_yes_mid_dollars",
    "ETH_yes_spread_dollars",
    "ETH_distance_from_strike",
    "ETH_yes_mid_change_1s",
    "ETH_yes_mid_change_5s",
    "ETH_yes_mid_change_std_30s",
    "ETH_yes_mid_change_std_60s",
    "ETH_yes_spread_mean_30s",
    "XRP_last_price_dollars",
    "XRP_yes_mid_dollars",
    "XRP_yes_spread_dollars",
    "XRP_distance_from_strike",
    "XRP_yes_mid_change_1s",
    "XRP_yes_mid_change_5s",
    "XRP_yes_mid_change_std_30s",
    "XRP_yes_mid_change_std_60s",
    "XRP_yes_spread_mean_30s",
    "SOL_last_price_dollars",
    "SOL_yes_mid_dollars",
    "SOL_yes_spread_dollars",
    "SOL_distance_from_strike",
    "SOL_yes_mid_change_1s",
    "SOL_yes_mid_change_5s",
    "SOL_yes_mid_change_std_30s",
    "SOL_yes_mid_change_std_60s",
    "SOL_yes_spread_mean_30s",
    "btc_spot_price",
    "btc_spot_size_1s",
    "btc_spot_signed_size_1s",
    "btc_spot_return_1s",
    "btc_spot_return_5s",
    "btc_spot_return_15s",
    "btc_spot_return_60s",
    "btc_spot_return_vol_30s",
    "btc_spot_return_vol_5m",
    "btc_spot_signed_flow_mean_30s",
    "btc_spot_size_mean_30s",
    "yes_mid_lag_1s",
    "yes_mid_lag_5s",
    "yes_mid_lag_15s",
    "yes_mid_lag_60s",
    "yes_mid_mean_prev_15s",
    "yes_mid_mean_prev_60s",
    "btc_spot_return_mean_prev_15s",
    "btc_spot_return_std_prev_60s"
  ],
  "target_col": "yes_mid_dollars_t_plus_60s"
}