{
  "data_path": "final_data\\final_data.csv",
  "stage": "fine",
  "selection_metric": "best_avg_realized_pnl",
  "pnl_method": "enter current ask, exit future bid at forecast horizon",
  "best": {
    "horizon_seconds": 60,
    "experiment": "hist_gbr_delta_all_iter160_lr0.03_leaf15_l20.1",
    "family": "hist_gbr",
    "target_mode": "delta",
    "feature_group": "all",
    "params_json": "{\"l2_regularization\": 0.1, \"learning_rate\": 0.03, \"max_iter\": 160, \"max_leaf_nodes\": 15}",
    "n_features": 56,
    "n_train_rows": 690027,
    "n_fit_rows": 500000,
    "n_test_rows": 173109,
    "elapsed_seconds": 5.826,
    "rmse": 0.11274976546078971,
    "mae": 0.07264329179920459,
    "r2": 0.8865098758586434,
    "baseline_mean_rmse": 0.3346852798500043,
    "rmse_vs_baseline_improvement": 0.6631170468228519,
    "directional_accuracy": 0.6778307984677616,
    "pred_actual_delta_corr": 0.5223201715713001,
    "best_threshold_by_realized_pnl": 0.2,
    "best_coverage_by_realized_pnl": 0.013540601586283786,
    "best_hit_rate_by_realized_pnl": 0.9300341296928327,
    "best_avg_realized_pnl": 0.3091207337883959,
    "best_total_realized_pnl": 724.579,
    "best_yes_trade_count": 1030,
    "best_no_trade_count": 1314,
    "coverage_thr_0p0": 1.0,
    "avg_realized_pnl_thr_0p0": 0.03058828830390101,
    "total_realized_pnl_thr_0p0": 5295.108,
    "coverage_thr_0p0025": 0.9348907335840424,
    "avg_realized_pnl_thr_0p0025": 0.03317734401067734,
    "total_realized_pnl_thr_0p0025": 5369.355,
    "coverage_thr_0p005": 0.873981133274411,
    "avg_realized_pnl_thr_0p005": 0.03595364654249342,
    "total_realized_pnl_thr_0p005": 5439.570999999999,
    "coverage_thr_0p01": 0.76961914169685,
    "avg_realized_pnl_thr_0p01": 0.04146869276728615,
    "total_realized_pnl_thr_0p01": 5524.790999999999,
    "coverage_thr_0p02": 0.5869250010109237,
    "avg_realized_pnl_thr_0p02": 0.05385857561859018,
    "total_realized_pnl_thr_0p02": 5472.138999999999,
    "coverage_thr_0p05": 0.2845317112339624,
    "avg_realized_pnl_thr_0p05": 0.09201088214394477,
    "total_realized_pnl_thr_0p05": 4531.996,
    "coverage_thr_0p075": 0.1538048281718455,
    "avg_realized_pnl_thr_0p075": 0.12639981220657276,
    "total_realized_pnl_thr_0p075": 3365.3949999999995,
    "coverage_thr_0p1": 0.08488871173653594,
    "avg_realized_pnl_thr_0p1": 0.16524436883293633,
    "total_realized_pnl_thr_0p1": 2428.2659999999996,
    "coverage_thr_0p15": 0.029380332622798353,
    "avg_realized_pnl_thr_0p15": 0.2463568619740464,
    "total_realized_pnl_thr_0p15": 1252.971,
    "coverage_thr_0p2": 0.013540601586283786,
    "avg_realized_pnl_thr_0p2": 0.3091207337883959,
    "total_realized_pnl_thr_0p2": 724.579
  },
  "feature_cols": [
    "time_to_close",
    "last_price_dollars",
    "yes_mid_dollars",
    "yes_spread_dollars",
    "distance_from_strike",
    "yes_mid_change_1s",
    "yes_mid_change_5s",
    "yes_mid_change_std_30s",
    "yes_mid_change_std_60s",
    "yes_spread_mean_30s",
    "ETH_last_price_dollars",
    "ETH_yes_mid_dollars",
    "ETH_yes_spread_dollars",
    "ETH_distance_from_strike",
    "ETH_yes_mid_change_1s",
    "ETH_yes_mid_change_5s",
    "ETH_yes_mid_change_std_30s",
    "ETH_yes_mid_change_std_60s",
    "ETH_yes_spread_mean_30s",
    "XRP_last_price_dollars",
    "XRP_yes_mid_dollars",
    "XRP_yes_spread_dollars",
    "XRP_distance_from_strike",
    "XRP_yes_mid_change_1s",
    "XRP_yes_mid_change_5s",
    "XRP_yes_mid_change_std_30s",
    "XRP_yes_mid_change_std_60s",
    "XRP_yes_spread_mean_30s",
    "SOL_last_price_dollars",
    "SOL_yes_mid_dollars",
    "SOL_yes_spread_dollars",
    "SOL_distance_from_strike",
    "SOL_yes_mid_change_1s",
    "SOL_yes_mid_change_5s",
    "SOL_yes_mid_change_std_30s",
    "SOL_yes_mid_change_std_60s",
    "SOL_yes_spread_mean_30s",
    "btc_spot_price",
    "btc_spot_size_1s",
    "btc_spot_signed_size_1s",
    "btc_spot_return_1s",
    "btc_spot_return_5s",
    "btc_spot_return_15s",
    "btc_spot_return_60s",
    "btc_spot_return_vol_30s",
    "btc_spot_return_vol_5m",
    "btc_spot_signed_flow_mean_30s",
    "btc_spot_size_mean_30s",
    "yes_mid_lag_1s",
    "yes_mid_lag_5s",
    "yes_mid_lag_15s",
    "yes_mid_lag_60s",
    "yes_mid_mean_prev_15s",
    "yes_mid_mean_prev_60s",
    "btc_spot_return_mean_prev_15s",
    "btc_spot_return_std_prev_60s"
  ],
  "target_col": "yes_mid_dollars_t_plus_60s"
}